op,ACTION,RESOURCE,MGR_ID,ROLE_ROLLUP_1,ROLE_ROLLUP_2,ROLE_DEPTNAME,ROLE_TITLE,ROLE_FAMILY_DESC,ROLE_FAMILY,ROLE_CODE,u_uid,r_rid
read,1,27416,88656,117961,118300,117941,123067,117906,117887,117888,0,0
read,1,74754,46557,117961,117962,120016,123067,133686,118504,132694,1,1
read,1,20299,55667,117961,118225,120663,127108,143818,290919,117908,2,2
read,1,19998,222415,118315,118300,118862,119587,160903,118363,128424,3,3
read,1,34832,3509,117961,118327,120299,123045,174445,270488,120099,4,4
read,0,27124,60823,117961,118225,124921,118523,117906,118331,119589,5,5
read,1,278393,23347,117961,118300,119181,119587,168896,118424,118399,7,7
read,1,32270,77533,117961,118343,119796,123045,127922,120518,123047,8,8
read,1,1003,24017,91261,118300,117941,118321,117906,290919,118322,10,9
read,1,75901,2698,117961,117962,123719,118321,117906,290919,118322,11,10
read,1,33626,28275,119170,119171,121108,118530,146705,117887,117888,12,11
read,1,78591,16808,117961,117962,119019,133111,240983,118504,118322,14,13
read,1,5173,5739,117961,118225,121169,119928,127475,118331,118892,15,14
read,1,42031,3785,118315,118463,118378,117899,208235,19721,125753,16,15
read,1,31825,52687,117961,118225,127155,117905,240983,290919,122271,17,16
read,1,19998,31000,117961,118124,117884,124576,303333,290919,118322,18,3
read,1,14354,5127,118106,118257,118529,124313,131288,292795,125800,19,17
read,1,14570,75182,91261,118026,119362,118321,117906,119006,118322,20,18
read,1,28294,58711,117961,118300,118631,118636,118448,118638,118639,21,19
read,1,13878,73591,117961,118446,117884,123067,117906,290919,118322,22,20
read,1,80169,23200,119170,119171,118464,129229,301124,308574,118486,23,21
read,1,33147,2074,117961,118300,125872,120647,127778,118398,120649,24,6
read,1,13878,2363,117961,118300,117941,118568,117906,19721,118570,25,20
read,1,75834,57818,117961,118300,117941,118321,117906,290919,118322,26,22
read,1,4675,17815,117961,118327,120663,123045,223125,270488,120099,27,23
read,1,79092,7284,117961,118343,120312,118685,128578,118424,118425,28,24
read,1,105803,23111,117961,119597,120054,157300,120002,118398,119951,29,25
read,1,20897,17903,117961,118225,223958,118702,119263,120518,120519,30,26
read,1,23096,3509,117961,118327,118042,118043,223125,270488,118046,31,27
read,1,28315,7081,117961,117969,118896,120773,188138,118453,124801,32,28
read,1,20299,18753,117961,118225,118403,124152,117906,118960,124154,33,2
read,1,13878,4008,117961,118225,118403,128230,242737,4673,121395,34,20
read,1,34924,6657,117961,118266,131159,118784,180629,290919,117973,35,29
read,1,6977,48456,117961,117962,118957,127782,130777,118474,131851,37,30
read,1,19998,2270,117961,118300,119598,119786,133686,118424,120499,38,3
read,1,34950,15416,117961,118225,118403,307024,129910,118704,126186,39,31
read,1,23921,71203,117961,117962,118910,119743,240983,118504,123672,40,32
read,1,17183,120113,117961,117962,120663,146249,149667,4673,121596,41,33
read,1,18418,12611,117961,118386,123844,179731,158413,118704,118961,42,34
read,1,28294,51342,117961,118300,118631,119587,131694,118398,118892,43,19
read,1,3853,50610,117961,118225,120126,118834,118040,118424,122190,44,35
read,1,75078,58454,117961,118386,118522,118536,131998,118736,118539,45,36
read,1,41758,1949,117961,118413,120126,118530,130382,4673,122069,46,37
read,1,16373,4588,119170,119256,118535,118194,150275,119788,118373,48,39
read,1,6725,20126,117961,118225,119136,119137,310016,270488,123047,49,40
read,1,42093,96511,117961,118343,120671,153957,122142,19721,120774,50,41
read,1,42093,20096,117961,118343,120671,117905,161026,118960,117908,51,41
read,1,6725,53247,117961,118343,117884,212192,128361,117887,117880,53,40
read,1,6977,87820,117961,118300,119181,118568,150886,290919,124421,54,30
read,1,40867,91412,118212,118213,118514,117905,240983,290919,117908,55,43
read,1,20226,49024,118315,118463,123472,118278,161813,290919,127848,56,44
read,1,14570,4721,91261,118026,118810,118321,173333,290919,118322,57,18
read,1,75834,1531,117961,118178,121176,119849,138898,3130,123402,58,22
read,1,35498,13828,117961,117960,118450,119192,124626,119184,118454,59,45
read,1,3853,27862,117902,118225,120671,120516,223125,120518,120519,60,35
read,1,1020,123520,117882,118096,117884,117885,147163,19721,117888,61,46
read,1,75834,16972,117932,120216,118911,118912,118148,118131,152310,63,22
read,1,4675,6775,117961,118300,117884,118321,117906,290919,118322,64,23
read,1,7543,29582,117961,118343,120663,123045,128571,120518,123047,65,48
read,1,81044,78428,118212,118213,120663,120313,160106,19721,117908,66,49
read,1,13878,9384,117961,118300,117941,118054,118448,290919,118322,67,20
read,1,917,50604,117961,118300,118631,118826,285236,118424,124578,68,50
read,1,33147,22873,117961,119070,117945,280788,190841,292795,119082,69,6
read,1,42093,55038,118212,118213,120671,117905,117906,290919,117908,70,41
read,1,19310,20583,117961,118225,120126,117905,117906,4673,119951,72,51
read,1,1003,2109,117961,118300,117941,118321,117897,290919,118322,73,9
read,1,73144,20899,117961,118343,118437,118536,263702,118363,118055,74,52
read,1,1020,59002,117961,118225,117912,118523,130735,118331,118525,76,46
read,1,1151,13418,117961,117962,118437,122551,137489,121069,121471,77,54
read,1,4675,60941,118000,118085,117884,118321,117906,290919,117880,78,23
read,0,79092,4545,124034,118225,118008,123045,119489,19721,117880,79,24
read,1,25993,7738,117961,118300,117884,118321,117906,290919,118322,80,55
read,1,3853,74076,117961,118225,118403,117905,131160,118960,149918,81,35
read,1,39342,82603,118216,118257,131303,137370,269024,19793,119174,82,56
read,0,21826,21640,117961,117962,118320,118321,190710,290919,117880,83,57
read,1,6977,20908,117902,118213,120535,131849,120324,119095,119067,84,30
read,1,33147,85475,118752,119070,118754,280788,127525,292795,119082,85,6
read,1,917,73840,117961,118300,118631,118321,240983,290919,118322,86,50
read,1,23127,12921,117961,117962,122215,120952,264384,118643,119851,87,58
read,1,42093,94919,117961,118225,118810,118674,184350,19793,119900,88,41
read,1,34832,70598,118315,118463,117878,118685,135741,308574,126685,89,4
read,1,17183,40006,117961,118225,120671,157300,124498,118331,127702,90,33
read,1,73144,16802,117961,118300,118514,118784,130134,118453,118749,91,52
read,1,278393,1350,117961,118300,120551,188046,117906,118424,118525,93,7
read,1,29304,58954,117961,117969,121951,120132,309981,119221,118332,94,59
read,1,42093,60181,117961,118386,132530,132692,130707,118870,169635,95,41
read,1,28294,98198,117961,118300,118631,118784,117906,290919,118786,96,19
read,1,14570,3499,118000,117903,117884,117885,126373,117887,117888,98,18
read,1,37651,16842,117961,118300,120270,118674,123202,118960,126870,99,61
read,1,40867,52898,117961,118225,118507,117905,117906,117887,117908,100,43
read,1,75901,5535,117961,117962,118229,130606,240983,290919,117908,101,10
read,1,4675,22354,117961,118327,118518,123045,122554,118960,120099,102,23
read,1,13878,4721,117961,118954,117941,117885,168896,19721,117880,103,20
read,1,25241,30531,118185,118327,123125,118321,118176,290919,118322,104,62
read,1,4675,56125,117961,118052,118783,118321,117906,290919,118322,105,23
read,0,7543,6196,117961,118300,118783,118321,117906,249618,118055,106,48
read,1,77178,2698,117961,117962,121617,118321,240983,290919,118322,107,63
read,1,73144,41537,118212,118300,118631,118636,290919,290919,118639,108,52
read,0,20299,350,117916,118121,117941,118321,117906,19721,117880,109,2
read,1,4675,4589,117961,118225,118575,119849,134311,118638,153895,110,23
read,1,32270,50185,117961,117962,118910,118568,118959,118347,120315,111,8
read,1,75915,3023,119170,119171,129128,123684,137119,119095,124315,112,64
read,1,13878,33884,118555,118327,119019,120348,118260,290919,124888,114,20
read,1,33147,85475,118582,119256,118360,118465,180051,118424,118425,115,6
read,1,25241,30520,117961,118225,118403,117905,143829,290919,117908,116,62
read,1,78716,28275,119170,118170,6725,130479,120991,119788,122033,117,65
read,1,75834,112304,117961,118343,118921,118321,117906,290919,118322,118,22
read,1,4675,12914,118602,118603,117941,117885,117906,290919,118322,119,23
read,1,20299,41531,117961,118225,123089,117905,117906,290919,117908,120,2
read,1,73144,16802,117961,118300,119181,135123,240983,118424,159789,121,52
read,1,42093,3685,117961,118300,118631,121469,166580,118424,135742,122,41
read,1,20292,46479,91261,118026,119507,118321,123107,290919,118322,123,66
read,1,79092,8622,117961,118316,117884,118321,117906,290919,118322,124,24
read,1,42093,7339,117902,118386,121667,117905,226262,290919,119079,125,41
read,1,21443,5312,117961,118386,118862,118368,237596,19793,120359,126,67
read,0,42093,58648,118212,118213,131067,134655,238239,118424,117908,127,41
read,1,38972,85725,118315,118463,117878,122952,124376,290919,127848,128,68
read,0,42093,41801,118212,118213,117878,121015,117906,118638,117908,129,41
read,1,7543,28890,117961,118225,119223,120516,170665,120518,123047,130,48
read,1,78591,52687,117961,117962,118352,146249,240983,290919,120580,131,13
read,1,14570,70078,118315,118463,117878,117899,155173,19721,126295,132,18
read,1,42093,33266,117961,118225,118507,118523,127423,118638,118803,134,41
read,1,45444,123427,117961,118300,123719,118321,240983,290919,118322,135,69
read,1,33147,85475,118169,119597,118552,118685,231633,308574,118687,136,6
read,1,1020,7743,117961,118300,121216,125793,194960,308574,120649,137,46
read,1,81524,3756,117961,117976,122938,126184,143193,118453,120814,138,70
read,1,35376,71962,117961,118300,139677,117905,186208,118453,132673,140,72
read,1,14570,21844,117961,118446,117884,117885,117906,117887,118055,141,18
read,1,35498,98025,117961,118257,118378,280788,135233,292795,119082,142,45
read,1,971,1547,117961,117962,118979,119192,118448,290919,118279,143,73
read,1,5173,4704,117961,119256,117920,118734,146968,118474,119067,144,14
read,1,4675,53131,117961,118300,117941,117885,117906,290919,118322,146,23
read,1,75834,16972,117961,118300,117941,118321,118448,290919,118322,147,22
read,1,39333,151425,117961,118300,118631,118321,117906,290919,118322,149,75
read,1,1020,225257,118200,117981,123719,259173,209876,19721,118639,150,46
read,1,35790,5413,117961,117962,6725,123737,132732,119221,120315,151,76
read,1,3853,168,117961,117962,118501,117905,240983,118424,120315,152,35
read,1,20299,14336,118212,118213,121176,117905,117906,290919,117908,153,2
read,1,79121,18085,117961,118225,121108,128230,117906,4673,117908,154,77
read,1,1003,5054,117961,118551,118933,118784,303111,292795,126685,155,9
read,1,42093,27911,118212,118213,120663,117905,117906,290919,117908,156,41
read,1,20299,6792,118212,117903,118403,117905,117906,290919,117908,157,2
read,1,42093,57226,117961,118225,120663,117905,240983,290919,117908,158,41
read,1,74754,74428,117961,117962,119598,133718,160903,290919,117908,159,1
read,1,19998,85101,117961,117962,118910,118568,118959,19721,123672,160,3
read,1,32270,12986,117961,118343,120356,117905,240983,290919,117908,162,8
read,1,80755,23200,119134,119171,118483,120560,153195,117887,118196,163,79
read,1,15064,13764,117961,118300,120663,120348,230830,120518,130858,164,80
read,1,34832,35976,117961,121013,118810,120765,125083,19793,118961,165,4
read,1,39333,82362,117961,118300,118631,118636,118785,290919,118639,166,75
read,1,20897,23610,117961,118300,118042,118043,223125,270488,118046,167,26
read,1,38972,30531,125714,118026,123472,118278,252973,290919,118322,168,68
read,1,23969,78685,117961,118446,123472,118321,117906,290919,118322,169,81
read,1,1020,17913,117961,118225,118403,117905,117906,290919,117908,170,46
read,1,75834,6800,91261,118026,117884,118321,117906,290919,118322,172,22
read,1,73144,25547,118212,118327,117878,174391,240983,290919,117908,173,52
read,1,78850,16808,119170,119171,19772,159677,127477,118295,184276,174,47
read,1,32270,58407,118212,118213,118970,118568,236793,290919,118914,175,8
read,1,59370,1755,118990,118257,117920,118259,123649,118638,119851,176,83
read,1,20299,16850,117961,118225,117920,117885,117906,118424,117908,177,2
read,1,1020,46704,117961,118225,120671,117905,240983,290919,117908,179,46
read,0,711,221,117961,118343,118391,118784,125889,290919,118786,180,84
read,1,40960,70322,119170,119091,124942,118028,125779,117887,118914,181,85
read,1,74754,241746,117961,117962,118575,134095,240983,290919,117880,182,1
read,1,23096,8251,118887,118300,118631,118422,131694,117887,118982,183,27
read,0,4675,15416,117961,118300,118202,118321,117906,290919,118322,184,23
read,1,1020,1350,117961,118225,118673,123082,117906,117887,119951,186,46
read,1,3853,49975,117961,118225,120671,123670,240983,119695,117908,187,35
read,1,23921,70530,117961,118225,118518,120773,223125,270488,120519,188,32
read,1,3853,78268,117961,118300,119824,122129,146210,118704,122131,189,35
read,1,79092,97000,117961,118225,120694,117905,117906,290919,117908,190,24
read,1,38972,3151,118106,117936,117920,117899,124402,19721,117900,191,68
read,1,14570,82626,117961,118300,118783,118321,117906,290919,118322,192,18
read,1,6977,30385,117961,118327,118810,118685,279443,308574,118687,193,30
read,1,19998,56052,117961,118300,118810,118321,117906,290919,118322,194,3
read,1,39883,2569,118315,119921,118921,280788,269034,118453,153249,195,87
read,1,80498,121004,118212,118300,118833,120357,310610,118453,119851,196,88
read,1,4675,30531,117961,118300,117941,118321,117906,290919,118322,197,23
read,1,36480,122254,117961,118225,118518,118043,310016,120518,118046,198,89
read,1,25993,70130,118212,118213,117878,117905,242737,4673,119348,199,55
read,1,44262,43884,119062,119171,121108,118028,127477,118295,120346,200,90
read,1,40867,100835,117961,118225,120671,117905,261540,117887,118454,201,43
read,1,3853,56774,117961,118225,118403,117905,117906,4673,135811,202,35
read,1,80505,8115,117961,118178,124211,118451,120716,19721,119951,203,91
read,1,75834,61960,117961,118300,117941,118321,117906,19721,118322,204,22
read,1,33147,60794,118169,118753,118754,208126,128802,118424,118943,205,6
read,0,94012,46541,117961,118052,123173,119782,282594,118467,118899,206,92
read,1,20292,94615,117961,118574,131303,118129,194065,118453,129911,207,66
read,1,33147,7284,117961,118300,124380,120647,123413,118398,120954,209,6
read,1,36480,2803,117961,118327,119223,120516,306530,270488,120519,210,89
read,1,39333,28008,117961,118300,119181,118636,240983,118424,118639,211,75
read,1,14570,311696,118349,117936,117878,120690,118568,19721,126295,212,18
read,1,20897,138476,117961,118327,119830,120903,118959,118960,120774,214,26
read,1,42093,20681,117961,118300,118631,135123,134068,118398,118892,215,41
read,1,42093,5652,91261,117962,119598,119409,133686,118960,121145,216,41
read,1,73144,50613,117961,118300,118631,299559,254394,118424,118982,217,52
read,1,39333,3053,117961,118300,119181,122967,131694,118398,118644,218,75
read,1,73144,51235,117961,118300,119181,152268,149917,117887,118055,219,52
read,1,20299,46909,118212,118225,118403,128230,117906,4673,117908,220,2
read,1,15064,2074,117961,127045,118552,120647,190841,308574,118687,221,80
read,1,32270,52855,118212,118213,121014,123651,121350,118960,136117,222,8
read,1,971,3464,117961,118300,131868,118321,215738,290919,118322,223,73
read,1,4675,65734,117961,118225,123279,123045,237731,117887,118055,224,23
read,1,75834,46655,117961,118225,118403,118702,117906,4673,117908,226,22
read,1,20279,16802,117961,117962,118221,120516,223125,120518,120519,227,95
read,1,41758,20105,117961,117962,118437,120773,159678,4673,123047,228,37
read,1,16003,6108,117961,119256,118447,120952,128948,118347,163313,229,96
read,1,20226,8698,118315,118463,123472,120527,140512,19793,119900,230,44
read,1,23969,100922,117980,117877,118810,118568,310786,290919,118322,231,81
read,1,80501,71203,117961,118225,118881,120773,183899,290919,120135,232,97
read,1,35498,2074,117961,118300,118378,120647,123720,118398,120649,234,45
read,1,89716,2299,119170,118170,121363,122030,120991,119788,184276,235,99
read,1,42093,56018,118212,118213,145424,117905,160106,290919,117908,236,41
read,1,41439,28275,118216,119171,118575,120560,137493,118638,153959,237,100
read,1,74754,4498,117961,117962,121883,117905,183899,290919,118322,238,1
read,1,34950,13199,117961,118300,117941,118321,118448,290919,118322,240,31
read,1,37651,91398,117961,117962,119223,123737,221283,118424,118843,241,61
read,1,79092,258552,117961,118225,135245,124152,117906,118960,118803,242,24
read,0,39333,1940,117961,118300,119181,118321,117906,290919,118322,243,75
read,0,38972,71160,117961,118327,123472,125798,132547,290919,163313,244,68
read,1,32270,52160,117961,118343,119598,117905,117906,290919,117908,245,8
read,1,33147,85475,119596,119597,20807,120789,274278,117887,120791,246,6
read,1,34950,27890,117961,118225,118403,118702,125485,118704,118705,247,31
read,1,23969,30488,118315,118316,117878,117899,121873,19793,132105,248,81
read,1,42093,5703,117961,118343,119598,120516,117906,290919,122190,249,41
read,1,34924,70530,117961,118343,118518,118792,144259,118762,120519,252,29
read,1,80501,8138,117961,118300,119181,118636,240983,290919,118639,253,97
read,1,22328,4370,119170,119171,6725,118028,125711,124136,120058,255,102
read,1,27356,57659,117961,118300,119181,122274,196684,6725,120173,256,103
read,0,75834,44633,117961,118052,117941,118321,117906,290919,118322,257,22
read,1,42093,28225,118212,118225,125872,117905,117906,290919,117908,259,41
read,1,20299,49952,117961,118225,118378,119351,237596,118474,135811,260,2
read,1,42093,20899,117961,118343,118437,118536,198921,118363,118539,261,41
read,1,5695,25323,117961,118446,118609,179731,165698,118131,240105,263,104
read,1,38972,24192,122880,119281,117878,117899,121873,19793,126685,264,68
read,1,79121,122016,117961,117962,118352,118502,240983,118504,120315,265,77
read,1,17308,13199,117961,118463,118378,119192,128885,119184,117973,266,105
read,1,43207,16974,117961,118327,120559,120348,146705,118424,118803,267,106
read,1,1020,56227,118181,117903,120368,117905,269034,290919,117908,268,46
read,1,35684,32242,119170,119171,118575,118530,311057,118667,118486,269,107
read,1,35376,258552,117961,118225,118518,118054,121445,117887,118055,270,72
read,1,4675,311087,117961,118300,118783,118321,117906,290919,118322,272,23
read,1,24016,17146,117961,117903,118403,157300,226262,155173,117908,273,109
read,1,13878,3697,117961,118300,119181,126869,117906,118643,118055,274,20
read,1,17308,2210,118315,118463,123472,118278,149988,290919,117900,275,105
read,1,917,17835,117961,118300,119408,118396,133686,118398,119435,276,50
read,1,75901,23263,118752,118300,118631,119587,276422,19721,118828,277,10
read,1,42093,18900,117961,118300,119181,118054,135124,118398,118196,278,41
read,1,38972,101044,118315,118386,123472,120765,258798,290919,126295,280,68
read,1,41758,53154,117961,117962,120677,131336,158390,19793,118132,281,37
read,1,39883,14638,117961,117903,119565,122188,123676,118424,120989,284,87
read,1,74302,18449,117961,118300,118631,120632,269406,118398,118786,285,110
read,1,25393,13588,120268,118096,118800,166800,124424,118131,118836,286,111
read,1,35790,58834,117961,118300,118378,118321,117906,290919,118322,287,76
read,1,23921,61244,117961,117962,118352,120765,231754,290919,118322,288,32
read,1,34832,35976,118315,118463,119214,118685,121873,308574,118687,289,4
read,1,23969,8508,117961,119135,196823,124886,293631,290919,122991,290,81
read,1,3264,58688,117961,118225,120663,123045,117955,120518,118209,291,112
read,1,23921,58710,117961,118300,122007,124810,240983,290919,119435,292,32
read,1,79092,90018,117961,117962,117884,119351,118842,19721,117880,293,24
read,1,73756,185,117961,118300,118635,117899,118448,118398,118786,294,113
read,1,32270,152656,117961,118225,118437,117905,240983,118960,117908,295,8
read,1,6977,25612,118349,118102,117878,117899,127258,19793,118737,296,30
read,1,79092,56132,117961,118225,118403,128230,117906,4673,117908,297,24
read,1,39333,7703,118887,118300,119181,120632,163031,118638,118786,298,75
read,1,4675,21207,117961,118446,117884,118054,136888,290919,118322,299,23
read,1,25993,23666,118541,119256,117945,259173,135233,292795,118943,300,55
read,1,21376,72347,127044,117944,119995,118502,122081,118704,118813,301,114
read,1,80444,13971,119170,119171,121533,119172,153273,118295,118486,303,115
read,1,17278,6982,117961,118300,118631,118422,172635,118424,118425,304,116
read,1,79092,2074,117961,118300,120059,118451,130134,292795,118454,305,24
read,1,80864,17834,131853,118300,127849,118259,159162,118295,120303,306,117
read,1,38972,31370,118315,118327,123472,118784,121873,290919,117973,307,68
read,1,4675,49632,117961,118225,120663,120516,245058,120518,120519,308,23
read,1,18467,16959,117961,117969,123656,118536,184011,290919,126140,309,118
read,1,77178,17156,117961,118327,118391,120578,117906,290919,118322,310,63
read,1,5173,2610,117961,119597,117912,179731,121556,121069,121395,311,14
read,1,14354,15474,117916,118225,121574,122060,179631,119184,126685,312,17
read,1,37781,50952,118555,117933,118404,117879,180941,19793,118813,313,119
read,1,42093,4713,117961,118300,6725,120632,311441,6725,120649,314,41
read,1,7543,102594,117961,118446,118783,118321,117906,290919,118322,315,48
read,1,16989,2214,117961,118327,118501,118777,279443,308574,118779,316,120
read,1,42093,5110,117961,118300,118631,118321,156794,290919,118786,317,41
read,1,80522,76523,117910,118291,118599,118777,239633,118424,118926,318,121
read,1,79092,1852,117961,118327,120709,123045,118097,120518,120519,319,24
read,1,7543,104403,117961,118300,118783,118321,117906,290919,118322,320,48
read,1,33248,22373,117961,118225,123472,126264,309858,290919,159680,322,123
read,1,14570,20899,117882,118124,117884,117879,294736,19721,117880,323,18
read,1,39883,70062,117961,117962,118616,216825,117906,290919,118322,324,87
read,1,3853,19270,117961,118343,119223,123045,122554,118704,120519,325,35
read,1,42768,17686,117961,118052,118833,117905,124800,290919,126080,326,124
read,1,43877,6726,117961,118343,123472,118811,140512,19793,117908,328,125
read,1,278393,50613,117961,117962,117878,120357,153894,118504,120135,329,7
read,1,278393,18686,117961,118300,119181,117905,117906,290919,118914,332,7
read,1,79092,58963,117961,118225,120323,120575,152788,290919,119951,333,24
read,1,4675,30488,118315,118463,123472,118278,121873,290919,126295,334,23
read,0,14570,6926,117961,118413,118783,118321,117906,290919,118322,335,18
read,1,33147,8261,117961,118300,123173,118054,126079,117887,157801,336,6
read,1,42093,14716,117929,118888,120026,118980,151952,118295,118982,337,41
read,1,80501,64709,117961,118300,118631,118784,118448,290919,118786,338,97
read,1,75901,157664,117961,118300,119181,124775,117906,118424,118836,339,10
read,1,37651,20462,117961,118225,118660,118502,268766,117887,121395,340,61
read,1,14570,2109,118219,118220,117920,117899,117899,19721,117900,341,18
read,1,78591,14952,117961,118225,119181,118890,183899,118424,126087,342,13
read,1,42093,72519,118212,118213,118403,117905,131148,119095,117908,343,41
read,1,1020,64779,117961,118182,120370,127700,225335,118960,121374,344,46
read,1,15716,17973,118212,118213,118471,132692,240983,19721,126140,345,126
read,1,23459,45963,118185,118446,119019,132692,271334,290919,120954,346,127
read,1,81044,8622,117961,117962,118352,119949,244384,121620,121145,347,49
read,1,4675,2437,117961,118446,118754,118321,117906,290919,118322,348,23
read,1,4675,15611,117961,118300,127470,118054,117906,290919,120634,349,23
read,1,32270,59002,117961,118225,118008,118054,117897,117887,117880,350,8
read,0,16989,21000,117961,118225,120535,117905,260699,119095,123652,351,120
read,1,14570,2858,118219,118220,117884,118568,117897,19721,117880,353,18
read,1,32270,118039,118212,118225,118910,117905,117906,117887,117908,354,8
read,1,3853,185133,117961,118343,120370,117905,117906,290919,117908,355,35
read,1,42093,59507,117961,118413,118599,117905,117906,290919,117908,356,41
read,1,89868,27104,119170,119091,6725,247659,176829,119788,118486,357,129
read,1,27416,16802,117961,118343,118437,120516,223125,118331,118332,358,0
read,1,35376,57726,117961,118300,118783,118321,240983,290919,118322,359,72
read,1,1020,8293,118212,118213,121883,174391,240983,118453,117908,360,46
read,1,43824,60085,118169,118170,124942,117946,122849,292795,117948,361,130
read,1,75078,56625,117961,117962,147589,120575,117906,118424,117908,362,36
read,1,26971,55604,117961,120343,120096,118912,118678,118347,122991,363,131
read,1,70500,468,118169,119171,118791,118028,301124,118424,119789,364,132
read,1,39879,7344,117961,118327,118042,120516,306530,270488,118046,365,133
read,1,28149,7639,118212,117962,121710,118641,119907,121916,208567,367,134
read,1,74754,79901,117961,117962,119181,174391,127706,118424,120315,368,1
read,1,20279,3509,117961,117962,118597,157300,306530,120518,120519,369,95
read,1,74754,88656,117961,117962,117884,118568,136340,155173,146251,370,1
read,1,17308,7490,118315,118316,123472,117899,124402,308574,127848,372,105
read,1,40867,79911,118315,118463,117878,123082,149333,19793,147124,373,43
read,1,6977,80499,117961,118300,123472,118321,117906,290919,118322,374,30
read,1,78149,57165,119062,119171,121961,118028,121024,119788,159118,375,136
read,1,14354,14163,117961,118327,120299,120516,121445,270488,126186,376,17
read,1,35376,25656,117961,118225,120663,117905,117906,290919,117908,377,72
read,1,5173,51121,117961,118225,119924,118396,120238,118398,118399,378,14
read,1,40867,51342,117961,117962,118518,212192,118250,118960,132694,379,43
read,1,13878,33674,117961,118052,117884,117879,118448,290919,117880,380,20
read,1,33147,85475,118752,119070,119121,280788,193662,292795,120649,381,6
read,1,42093,57719,117961,118225,120535,117905,117906,118960,117908,382,41
read,1,23921,31851,117961,117962,118352,118530,148866,118504,123672,383,32
read,1,3130,16802,117961,118170,277693,123045,306530,120518,123047,384,137
read,1,971,22854,91261,118026,117884,118568,297560,19721,118570,385,73
read,1,23921,21171,117961,117962,120671,124435,194666,118424,120499,386,32
read,1,1020,3868,117961,118225,118684,117905,166636,118704,118914,387,46
read,1,42085,14864,117961,118225,120054,117905,117906,118643,117908,388,138
read,1,34716,96050,117961,118327,127705,120628,152627,120302,118525,389,139
read,1,38972,331,125714,118386,123472,118321,155173,290919,118786,390,68
read,1,37651,56254,117961,118300,118403,117905,117906,4673,117908,391,61
read,1,42093,2569,117961,118300,119181,118321,297560,290919,120285,392,41
read,1,3264,3768,117961,118343,123757,123045,223125,270488,117880,393,112
read,1,14854,6453,117961,117962,118501,118777,138060,121069,135125,395,140
read,1,971,95480,91261,118300,117941,118321,148772,290919,118322,396,73
read,1,27356,1334,117961,118300,118825,118568,240983,290919,118475,398,103
read,1,1020,23614,117961,118225,120671,117905,260573,4673,122275,399,46
read,1,4675,72545,117961,117903,119223,132583,122240,118643,119365,400,23
read,1,44722,13971,117961,118225,120663,209874,170384,4673,118705,401,141
read,1,4675,1775,117961,118300,119507,140847,162849,118205,119851,402,23
read,1,27356,16602,117961,118300,118631,118636,118785,118424,118639,403,103
read,1,75901,2836,117961,117903,117941,117899,118448,290919,117880,404,10
read,1,79092,93866,117961,118225,119223,120773,122158,120518,120519,406,24
read,1,79543,55556,117961,118413,118437,119778,124498,118504,149339,407,143
read,1,45497,49484,118752,119171,6725,118203,235272,117887,118705,408,144
read,1,35790,88656,117926,118300,117941,118321,117906,290919,118322,409,76
read,1,33147,85475,117893,118300,119424,118685,135898,117887,120346,410,6
read,1,28294,2974,117961,118343,119121,118321,118448,290919,118322,411,19
read,1,13878,16802,117961,118225,19772,120516,232258,118704,118332,412,20
read,1,4675,21655,117961,118052,119223,123045,130884,249618,123738,413,23
read,1,42093,32279,117961,118220,124170,124313,129305,19793,136061,415,41
read,1,25695,16842,119170,119171,123173,118293,187873,118667,118486,417,145
read,1,23921,52687,117961,117962,120356,118674,174034,118424,163732,419,32
read,1,35793,16815,117961,118225,118929,117905,240983,290919,117908,420,147
read,1,23096,5871,118212,118213,123089,118805,240983,290919,117908,421,27
read,1,42093,52160,117961,118343,118514,123737,268766,118960,123410,422,41
read,1,33233,77306,117961,117962,120096,119949,270976,290919,120285,423,148
read,1,14570,311696,118315,118463,123472,118278,121873,290919,147124,424,18
read,0,14666,59749,117961,118300,123125,187168,122106,159679,118461,425,149
read,1,79092,40936,117961,118327,118518,123045,117897,120518,123047,426,24
read,1,20299,2397,117961,118225,118403,118702,117906,4673,121596,427,2
read,1,6977,56132,117961,118225,118403,118702,132124,118704,118705,428,30
read,1,35498,23666,117961,117962,128935,118451,130134,117887,118454,429,45
read,1,35498,2145,117961,118300,127155,119849,124964,118398,118399,431,45
read,1,24016,8234,118290,118291,131868,118274,118536,118424,125408,432,109
read,1,42093,108164,117961,118225,119987,118321,118176,6725,118914,433,41
read,0,36895,50351,117961,118052,118692,118321,119907,290919,118322,434,150
read,1,4675,34461,117961,117962,118352,118321,240983,290919,118322,435,23
read,1,1020,85475,118541,118300,120943,120789,138898,117887,120634,436,46
read,1,42085,31070,117961,118225,120356,119928,150602,118424,118836,438,138
read,0,32270,16842,118212,118213,118471,117905,117906,290919,117908,439,8
read,1,18072,291410,117961,118327,119223,123045,123784,122032,123047,441,152
read,1,79092,5730,117961,118225,132530,119928,130735,118762,117908,442,24
read,0,27416,89847,117961,118300,148450,118321,117906,3130,118322,443,0
read,1,79092,2299,119170,119171,118673,118702,160080,118704,118705,444,24
read,1,33248,32457,117961,118225,120663,119587,117906,118762,133719,445,123
read,1,39262,15951,117961,118026,118507,118890,279687,118398,118914,446,153
read,1,73756,2904,117961,118300,118631,124435,118785,118424,132673,447,113
read,1,79121,46254,118725,118300,118635,123648,311441,118398,120649,448,77
read,1,7543,58799,117961,117962,118833,125405,311834,270488,123047,449,48
read,1,33147,7284,117961,118300,118754,280788,126079,292795,120649,450,6
read,1,25874,2299,119062,119171,130859,118028,118563,117887,118373,451,154
read,1,39223,23200,119062,119091,119223,119786,157266,119788,118813,452,155
read,1,17308,50806,117961,118300,117941,117885,118260,249618,118322,453,105
read,1,28294,52072,117961,118300,119181,119743,157826,118398,120519,454,19
read,1,35790,311198,117961,118413,16232,118321,117906,290919,118322,455,76
read,1,38470,55842,117961,117984,117920,259173,133980,118424,118454,456,156
read,1,14570,72519,117961,118327,117920,133646,118477,19793,126295,457,18
read,1,35790,3766,117926,118300,117884,117885,131688,117887,117880,458,76
read,1,14570,18162,118212,118213,117884,118568,134531,19721,118570,459,18
read,1,28149,1541,118290,118291,121108,118912,118536,119221,125408,460,134
read,1,14666,51677,117961,118225,118403,117905,141966,19721,126266,461,149
read,1,74001,56654,118752,118753,118754,280788,184917,292795,119082,462,157
read,1,74754,61269,117961,117962,119223,120773,126438,118960,117880,463,1
read,1,23969,32279,117961,117936,123844,120628,311590,118504,120954,464,81
read,0,4675,70185,117961,118225,121949,118321,117906,290919,118322,465,23
read,1,6705,225257,117961,117969,124816,118422,127130,118762,126870,466,158
read,1,78591,19286,117961,118413,125857,127782,118959,290919,118196,467,13
read,1,34817,2991,117961,118076,215920,125793,152940,118453,126186,468,159
read,1,983,24728,122532,118182,118846,118811,171750,118453,118525,469,160
read,1,917,4036,117961,117976,122224,122290,128108,118131,120629,470,50
read,1,25993,123313,117961,118343,119223,123045,123331,120518,120519,471,55
read,1,14354,71566,118169,119597,118631,280788,260699,118424,120346,472,17
read,1,79092,2397,117961,118225,119223,123045,223125,118643,119365,473,24
read,1,42085,70643,117961,118225,120671,117905,126111,118870,123068,474,138
read,1,4675,89065,117961,118327,118328,120773,152788,118960,120774,475,23
read,1,79092,102574,117961,118225,119223,123045,275449,120518,120519,476,24
read,1,23969,60121,117961,118542,122273,118451,198341,119784,161101,478,81
read,1,33631,49850,117961,119063,120096,118451,132041,118704,118206,479,161
read,1,20299,46543,117961,118225,120663,128230,127024,4673,118803,480,2
read,1,1020,56029,117961,118225,118403,161098,277718,118960,120580,481,46
read,1,25993,84325,117961,118225,118367,157799,137119,120302,126748,482,55
read,1,4675,28254,117961,118300,119181,118321,117906,290919,118322,483,23
read,1,29710,28275,119170,118316,128830,118028,153802,119788,126112,484,162
read,1,25993,3116,117961,117962,125872,120952,190841,118398,117973,486,55
read,1,17183,54684,118212,118213,117945,179731,257510,118474,117973,487,33
read,0,4675,6196,117961,118300,117884,118321,117906,117887,118322,488,23
read,1,75078,1728,117961,118052,118501,120702,157826,124136,117987,489,36
read,1,23969,20968,118315,118463,123472,118278,137302,290919,125753,490,81
read,1,4675,3509,117961,118343,117912,117885,118097,117887,118055,491,23
read,1,14570,311251,118315,118316,117878,122551,194805,290919,140849,492,18
read,1,42093,311012,117961,117962,118979,128764,300044,118424,119435,493,41
read,1,27124,72322,117961,118327,118501,118777,279443,308574,118779,494,5
read,1,14666,12986,5110,118085,123125,119323,194805,308574,118687,495,149
read,1,17849,20482,117961,118300,121108,117905,117906,290919,117908,496,163
read,1,33248,2395,117890,118463,117878,117899,225335,19721,117900,497,123
read,1,20897,5196,117961,118343,118437,123045,121311,120518,120519,498,26
read,1,39333,74866,117961,118300,6725,120632,127258,118424,117973,500,75
read,1,43877,49024,91261,118026,118810,127723,252363,19793,128424,502,125
read,1,42093,3783,118212,118225,118403,117905,160106,118643,120562,503,41
read,1,3853,17600,117961,118300,120663,120773,302830,118474,118296,504,35
read,1,73815,2974,117961,118052,120347,123045,311618,120518,130481,505,164
read,1,19998,13219,117961,118327,117884,118321,117906,290919,118322,506,3
read,1,78591,58648,117902,117903,118450,128093,138060,121620,128095,507,13
read,1,16989,16907,117961,118327,118437,118536,133686,118363,123410,508,120
read,1,971,70788,117961,118300,118754,118321,117906,290919,118322,509,73
read,1,20312,225257,118887,118052,123766,120300,135815,290919,126186,511,166
read,1,18418,132887,117961,117962,118352,120702,240983,290919,118322,512,34
read,1,28403,19673,117961,118386,117878,117879,121313,118638,119998,513,167
read,1,38972,87,117876,117954,117878,117899,125793,19793,147124,514,68
read,1,20274,2378,147236,118007,124449,216825,169986,118453,120613,515,168
read,1,25993,2858,118219,118220,117878,117899,117897,19721,117900,517,55
read,1,14854,14861,117961,117962,120620,117905,117906,290919,118322,518,140
read,1,18418,7703,117961,118300,119181,118636,240983,290919,118786,519,34
read,1,34832,30488,117961,118386,123472,118685,240983,308574,118687,521,4
read,1,36480,10390,117961,117962,119223,120516,223125,120518,123047,524,89
read,1,20299,100922,117961,118300,130192,128230,208526,118424,118914,525,2
read,1,278393,52872,117961,118300,119181,118422,254394,118424,118399,526,7
read,1,35376,123,117961,118300,118810,118321,117906,290919,117908,527,72
read,1,32270,71912,117961,126975,118008,117885,127525,117887,117888,528,8
read,1,20299,32242,117961,118300,118783,118321,117906,290919,118322,529,2
read,1,13878,14716,117961,118300,120171,118054,238503,117887,118055,530,20
read,1,75901,62490,117961,118300,6104,119004,153894,118762,122069,531,10
read,1,74754,5225,117961,117962,118623,119192,117906,290919,123672,533,1
read,1,14570,129913,91261,118026,117884,118321,139782,249618,118322,534,18
read,1,38860,15384,118752,119070,118631,280788,127922,118638,120058,535,170
read,1,13878,4267,117961,117962,128516,126538,230830,290919,119951,536,20
read,1,42093,6982,117961,118300,118631,131997,163031,118331,121017,537,41
read,1,79092,20981,117961,118225,122938,118702,120314,118704,121070,538,24
read,1,33147,15651,117961,118300,121216,179731,160460,117887,118425,540,6
read,1,37942,44634,118000,117923,117884,117885,260490,117887,117880,541,171
read,1,14666,123605,117961,118386,124266,118536,126548,290919,118813,542,149
read,0,23969,31093,118212,118225,120663,117905,127602,118643,122062,543,81
read,1,42031,16907,117961,118225,123472,122551,121873,290919,134657,544,15
read,1,42085,3285,117961,118225,121667,128230,117906,4673,119589,545,138
read,1,79092,8480,117961,118446,120317,118054,118448,118331,118322,546,24
read,1,971,4341,117961,118300,119181,118054,240983,290919,120285,547,73
read,1,79092,20968,117961,118300,118008,123045,127423,117887,118055,548,24
read,1,74310,4139,117902,117903,120685,117885,123688,117887,117888,549,172
read,1,3853,2270,117961,118225,118635,124419,229576,118424,120791,550,35
read,1,77214,1728,119170,119171,6725,311867,128747,308574,117880,551,165
read,1,7678,53300,117961,118327,123472,118784,240983,290919,118786,552,173
read,1,3853,16063,117961,118300,120126,117905,117906,290919,117908,553,35
read,1,44722,46549,117961,118225,119890,119782,135018,118762,119079,554,141
read,1,25993,22945,118212,118213,127522,117905,277716,118870,117908,556,55
read,1,31232,2149,117961,118300,19772,118636,271334,124136,118914,557,174
read,1,23969,92291,117961,118463,118522,118278,153037,290919,118322,558,81
read,1,81044,7011,117961,117962,120096,118321,240983,290919,118322,559,49
read,1,8504,17628,119170,119256,128830,118054,220988,119788,153959,560,175
read,1,20292,4398,117961,118413,118754,138019,136703,290919,118322,561,66
read,1,28294,41537,118752,118300,118754,273308,118959,118424,118807,563,19
read,1,42093,15611,118212,118225,120663,117905,240983,118398,117908,564,41
read,1,14666,3499,119920,118213,117920,121067,131302,19721,117973,565,149
read,1,20292,4449,117961,118052,118631,118321,117906,290919,118322,566,66
read,1,23969,23755,118349,117954,117878,117899,131097,308574,147124,567,81
read,1,4675,23255,91261,118026,119507,118321,245229,119006,118322,568,23
read,1,17183,53325,118212,118213,117878,179731,119192,118474,126933,569,33
read,1,1020,8234,119280,118052,121747,266862,232825,118467,119851,570,46
read,1,28149,3692,118212,117903,118889,128093,118536,118295,125408,571,134
read,1,81468,69736,119170,119171,118631,118792,123751,118295,123672,572,177
read,1,42093,60181,118212,118213,120356,117905,240983,4673,117908,573,41
read,1,35320,46476,118216,118220,124948,118451,123137,119184,137970,574,178
read,1,39333,33266,117961,118300,119181,118321,118448,290919,118322,575,75
read,1,39333,2003,117961,118300,119181,118636,309858,6725,120315,576,75
read,1,38972,53319,118315,118463,118810,118321,121873,290919,118322,577,68
read,1,80679,2149,117961,117962,120368,125171,166215,290919,126140,578,179
read,1,36480,3509,117961,118343,120722,118043,144259,118295,118046,579,89
read,1,90528,151283,117961,118446,118437,121469,155696,290919,121621,580,180
read,1,38972,60139,118315,118463,118317,134067,291988,19793,247660,581,68
read,1,20364,46560,117961,118300,118631,118826,117906,290919,118322,582,181
read,1,23969,53367,117978,118052,125316,307024,119727,118131,118525,583,81
read,1,19310,2661,117961,118343,118660,118293,231345,4673,117908,584,51
read,1,80501,6926,117961,118300,118437,118321,117906,290919,133308,585,97
read,1,20299,80280,117961,117962,118514,123737,117906,292795,131851,586,2
read,1,14570,46614,117961,118052,117941,118321,118448,290919,118322,587,18
read,1,42093,7460,117961,118225,120671,117905,251257,118205,174393,588,41
read,1,15716,4498,117961,118386,125016,121015,160106,118643,162862,589,126
read,1,31825,47641,117961,117962,215920,117905,155161,290919,128353,590,16
read,1,28572,50473,117961,118178,127705,120952,126514,19793,122062,591,182
read,1,23969,21163,117961,118327,123472,125798,121873,19793,124924,592,81
read,0,4675,110319,118315,118316,117941,117879,118477,19721,117880,593,23
read,1,79092,15214,117961,117962,119223,120516,185973,118704,120519,594,24
read,1,42031,5741,117961,118052,240766,124313,133980,117887,120791,595,15
read,1,75078,49024,118315,118316,118522,118129,121873,290919,120634,596,36
read,0,4675,54268,117961,118446,117884,118321,117906,249618,118322,597,23
read,0,4675,57226,117961,118300,118783,118321,117906,290919,118322,598,23
read,1,40867,75416,117961,118225,120671,134655,161852,119095,132739,599,43
read,1,25274,28267,117961,118300,120663,120516,120721,120518,120519,600,183
read,1,36480,53325,117961,118542,118042,118043,223125,270488,118046,601,89
read,1,3853,72580,117961,118225,119279,119093,142386,121069,117908,602,35
read,1,39262,58834,117961,118225,118706,127108,240983,118331,127702,603,153
read,1,1020,58503,117961,118327,117970,117905,240983,290919,117908,604,46
read,1,18072,5659,118212,118213,118471,117905,117906,290919,117908,605,152
read,1,37651,87226,117961,118225,119924,120516,131844,120518,120519,606,61
read,1,42085,11130,117961,118225,118403,125793,241239,118474,122131,607,138
read,1,42093,28008,117961,118300,118631,118826,118785,290919,132673,609,41
read,1,30865,5018,118990,121013,121645,128764,274278,118453,184276,610,185
read,1,4675,4713,117961,118300,124051,118321,118448,290919,118322,611,23
read,1,36480,16802,117961,118225,118042,118043,310016,270488,118046,612,89
read,1,38972,49024,118315,118463,117878,118278,170012,290919,126295,613,68
read,1,78591,5535,117961,117962,118352,119949,183899,121620,123617,615,13
read,1,40867,28330,117961,118225,124449,119004,152269,118638,117908,616,43
read,1,4675,7732,118315,118463,118522,123191,117906,124487,127848,617,23
read,1,42093,54865,117961,117962,184402,117905,125206,290919,119365,618,41
read,1,31352,5196,117961,118225,131159,118502,118557,118960,119096,620,186
read,1,73996,46149,118084,118178,118360,119849,137493,19721,117948,621,187
read,1,42031,23228,118315,118257,117878,117899,311236,19721,133308,622,15
read,1,1020,27857,117961,118225,118911,123045,133779,19721,117880,623,46
read,1,79092,28522,118212,117903,118403,117879,267189,19721,117908,624,24
read,1,40867,22832,117961,118225,118409,117905,283548,290919,117908,625,43
read,1,39333,27890,117961,118300,119181,118321,117906,290919,118322,626,75
read,1,37651,56770,5110,117903,118507,118863,136239,118398,118865,627,61
read,1,35498,49975,117961,118300,120059,118422,239652,118424,118399,628,45
read,1,44722,18686,117961,118225,118403,117905,117906,4673,117908,629,141
read,1,5173,110041,117961,118225,118403,119093,223734,122032,118705,630,14
read,1,17308,52329,91261,118463,117878,125798,121365,290919,118279,631,105
read,1,25274,7344,117961,118225,120663,120516,310016,120518,120519,632,183
read,1,80151,58721,117961,118300,119181,140847,237832,290919,118322,633,188
read,1,32270,5202,117961,118225,143531,120516,244844,120518,118843,634,8
read,1,14354,26824,118315,118300,117941,117885,279013,117887,117888,635,17
read,1,79299,2270,117961,118300,119987,118259,240983,290919,118322,636,189
read,1,38972,17212,118315,118463,123472,124537,121873,290919,124539,637,68
read,1,33054,41531,118212,118213,120368,117905,240983,118638,117908,638,190
read,1,45444,18085,117961,118225,117884,118321,118448,3130,118322,639,69
read,1,20299,27862,117961,118225,118437,124246,119193,121069,117908,640,2
read,1,84031,4264,118349,118386,118344,118278,271334,308574,117973,641,191
read,1,20299,13864,117961,118225,119181,118321,118448,290919,118322,642,2
read,1,42093,54268,117961,118300,119598,117905,293990,118424,117908,643,41
read,1,36480,2014,117961,118327,120663,126085,223125,120518,120519,644,89
read,1,37734,98198,117961,118343,118437,118536,139250,118363,119435,645,192
read,1,78101,27451,118887,118291,126229,119065,212510,118474,126112,647,193
read,1,73815,46551,117961,118225,118881,121915,132715,118960,117880,648,164
read,1,14570,59228,117961,118300,117884,118321,240983,290919,118322,649,18
read,1,13878,4398,117902,117903,119984,120990,159733,19721,117880,650,20
read,1,26328,2299,119170,119171,118979,119077,123784,117887,122131,651,194
read,1,38972,6874,117961,118225,123472,118278,260490,290919,118322,652,68
read,1,27356,18686,117961,118343,120671,117905,117906,118424,117908,653,103
read,1,14570,53297,117961,118300,118783,118321,117906,290919,118322,654,18
read,1,39883,241233,117961,118343,168533,126931,128796,290919,117908,656,87
read,1,25270,46149,117961,117962,121668,119849,124400,290919,118322,657,195
read,1,36480,3509,117961,118327,118042,118043,121445,270488,120519,658,89
read,1,80685,1755,133430,118446,122273,127782,267006,19793,117880,659,196
read,1,42093,14840,117961,118225,118910,117885,150075,117887,117888,660,41
read,1,80830,40932,117961,118413,119824,162860,141712,290919,127702,661,197
read,1,3264,121219,117961,118225,118635,128230,121556,118474,119139,662,112
read,1,17183,70169,117961,118225,121589,118502,230830,121069,209875,664,33
read,1,75901,31655,117961,118300,123901,118784,118448,290919,118322,665,10
read,1,45444,23255,117961,118300,119181,180927,240983,118398,120649,666,69
read,1,27356,5063,117916,117976,127705,118805,141712,3130,127725,667,103
read,1,15716,33313,117961,118327,123125,118685,240983,308574,117908,668,126
read,1,34950,100922,117961,117969,123472,119997,155173,290919,118322,669,31
read,1,1020,50319,117961,118225,125004,118451,240983,118762,126080,670,46
read,1,73756,6798,117961,118300,119181,118826,156794,118398,118399,671,113
read,1,6725,16802,117961,118085,119181,117885,254394,19721,118644,672,40
read,1,25278,56565,117961,118491,123614,120702,146516,19721,208567,673,199
read,1,33054,23228,118256,118257,117920,179731,165794,290919,136061,674,190
read,1,74754,3240,117961,117962,118352,123067,248831,254395,121471,675,1
read,1,4675,35693,117961,118300,117884,118321,117906,290919,118322,676,23
read,1,23969,82563,117961,118225,118403,117905,126373,290919,117908,677,81
read,1,6977,17628,117961,118225,120677,117885,117897,117887,117888,678,30
read,1,1020,1605,117961,118052,121883,118321,240983,290919,118322,679,46
read,1,6977,20462,118212,118213,118660,117905,290535,118424,124002,680,30
read,1,23969,8128,5110,117954,117878,117899,147502,19721,126295,681,81
read,1,4675,5228,117961,118300,123472,124134,240983,290919,118279,682,23
read,1,4675,70551,117961,118343,119796,123045,301534,118331,118332,683,23
read,1,38972,82800,117961,118300,123472,120033,150138,19793,121471,684,68
read,1,75834,82362,117961,118300,117895,122290,273828,118398,158291,685,22
read,1,78591,24017,117961,117962,118352,118321,240983,290919,118322,686,13
read,1,16989,125444,117961,118327,123125,120990,311792,308574,126295,687,120
read,1,15716,94919,117961,117962,120347,124305,117897,19721,118676,688,126
read,1,42093,12732,117961,118386,118522,118536,162960,124487,119887,689,41
read,1,23921,4743,117961,118413,122007,118321,240983,290919,118322,690,32
read,1,15716,17973,117961,118213,121668,117905,240983,290919,117908,691,126
read,1,1151,241233,117961,117962,117878,120621,310732,118424,128353,692,54
read,1,20897,12696,117961,118225,120312,120516,223125,120518,120519,693,26
read,1,79092,26824,117961,118343,118514,117905,117906,290919,117908,694,24
read,1,278393,2610,117961,118225,118701,188046,226262,118398,118399,695,7
read,1,4675,55662,117961,118316,117941,118321,117906,290919,118322,696,23
read,1,100968,71386,117961,117969,122392,153893,259512,118467,139967,697,200
read,1,42093,50598,117961,118225,120671,117905,240983,118205,117908,698,41
read,1,80968,34826,119170,119171,123173,184274,150810,118205,150076,699,201
read,1,29304,23255,117961,118225,123472,153893,121873,308574,120649,701,59
read,1,13878,63542,117961,118413,118352,120690,240983,290919,122552,702,20
read,1,39333,2556,117961,118300,119181,118321,117906,290919,118322,703,75
read,1,18913,53094,117961,118300,6725,118321,117906,290919,118322,704,203
read,1,73756,21655,117961,118300,120823,118784,117906,290919,118786,705,113
read,1,20299,69206,117961,118225,119262,117905,117906,4673,117908,706,2
read,1,4675,5238,118212,118213,117945,128093,135255,118474,118030,707,23
read,1,39333,17951,117961,118300,118008,118568,133484,117887,132585,708,75
read,1,20897,4008,117961,118225,6725,119743,118842,118331,120519,709,26
read,1,35793,2109,118219,118220,118008,117899,117897,19721,117900,710,147
read,1,14354,310646,118315,117954,122672,122551,311792,19721,118676,711,17
read,1,1020,2363,117961,118343,119598,117905,240983,290919,117908,712,46
read,1,28149,3692,118212,118213,120142,118274,118536,118704,125408,713,134
read,1,4675,124006,117961,118327,121458,121594,183817,118453,119785,714,23
read,1,77178,27432,117961,118026,118810,118321,139355,290919,118322,715,63
read,1,20897,53519,117961,118225,121363,119093,164160,119095,122850,716,26
read,1,3853,6358,117961,118327,119796,212192,118097,19721,118055,717,35
read,1,35790,52127,117961,118225,120535,117905,240983,118960,117908,720,76
read,1,35790,19286,117961,117962,118514,118259,223110,290919,118322,721,76
read,1,34924,8261,117961,118225,118684,152308,232258,117887,119096,722,29
read,1,14570,58454,118219,118220,117878,117899,117897,19721,117900,724,18
read,1,20299,3709,216705,118026,118008,118321,117906,290919,118322,725,2
read,1,38972,24017,118315,118386,118360,118129,121873,119184,119194,726,68
read,1,14570,12914,117961,118052,119214,118321,117906,290919,118322,727,18
read,1,42093,41560,117961,118225,118403,117905,117906,290919,117908,728,41
read,1,87071,37849,119170,119171,121694,118777,149098,308574,118486,730,205
read,1,1020,87900,118212,118213,117884,118568,240983,19721,118570,731,46
read,1,78982,7001,118990,118178,119195,118636,180121,118704,126685,732,206
read,1,79092,17104,117961,118225,145774,118702,130360,118704,121070,733,24
read,1,27124,2270,117961,118327,118501,118777,279443,308574,118779,735,5
read,1,1020,188066,117961,118446,117912,117885,117906,121069,117908,736,46
read,1,75834,57625,117961,118300,117884,118321,117906,290919,118322,738,22
read,1,32270,8365,117961,118225,122070,117905,117906,290919,117908,740,8
read,1,1020,2911,117902,117903,6725,117905,117906,290919,117908,741,46
read,1,6094,15504,117961,118300,121645,135740,233010,19721,120814,742,209
read,1,38860,5196,118212,118257,119136,120952,150283,118474,118276,744,170
read,1,72139,2803,118090,119171,123757,235351,125889,119788,129231,745,210
read,1,75078,71258,117961,118052,118328,117879,118448,249618,117880,746,36
read,1,34635,26321,117887,118574,120370,280788,123536,292795,119851,747,211
read,0,20299,23238,117961,118225,120685,120591,117906,4673,121596,748,2
read,0,75834,50610,117961,118052,117941,118568,117906,290919,118322,749,22
read,1,3853,27373,117961,118446,118635,119928,117906,119695,117908,751,35
read,1,45444,81903,118212,118115,117945,259173,190710,118453,119082,752,69
read,1,39333,100922,117961,118300,118631,126820,130382,290919,118322,753,75
read,1,14570,79113,117961,118343,117884,118321,117906,290919,118322,754,18
read,1,23096,18686,119596,119597,118660,118702,295877,118704,118705,755,27
read,1,1151,12919,117961,117962,119734,134095,178688,290919,133648,756,54
read,1,1151,82362,117961,118300,118631,124435,172360,118424,118570,757,54
read,1,40229,2803,119170,119171,118360,121594,150275,118131,132585,758,212
read,1,23921,7253,117961,117962,118352,118863,141959,290919,117908,759,32
read,1,20299,168,117961,117962,121883,122060,125047,124136,122552,760,2
read,1,14570,29763,117961,117954,123125,118674,222050,308574,118779,761,18
read,1,17183,33,118212,118213,119136,179731,117913,118474,117973,762,33
read,1,23969,34370,117961,118463,123472,123082,159733,19793,163313,763,81
read,1,35199,123310,117961,118178,118320,120033,143820,121916,149339,764,213
read,1,32270,71235,117961,118300,120671,122188,240983,290919,118461,765,8
read,1,38949,16973,117961,118052,122215,123670,124222,19721,119411,767,215
read,1,20279,3768,117961,118225,120663,120516,223125,120518,118332,768,95
read,1,4675,56227,117961,118300,118783,118321,117906,290919,118322,769,23
read,1,39262,131280,117961,118225,141383,118834,119621,118424,130858,770,153
read,1,79885,15409,117961,118052,118344,118321,160290,19793,126266,771,216
read,1,17183,25262,118212,118213,120823,118890,125794,118453,118030,772,33
read,1,57598,21280,119170,119171,118631,117985,131356,118424,118319,773,217
read,1,45444,50616,117961,118327,123757,118674,130382,270488,118322,774,69
read,1,75834,58554,117961,118225,118403,128230,234773,118960,119951,775,22
read,1,278393,2037,117961,118343,118910,120357,254718,118424,124137,778,7
read,1,40867,4815,117961,118225,120671,117905,137078,290919,117908,779,43
read,1,79121,94884,117961,118300,118631,120632,118785,118398,120649,780,77
read,1,75901,5926,117961,118300,119181,120632,240983,6725,123047,781,10
read,1,6977,77306,117961,118225,120054,118702,137802,118704,118705,782,30
read,1,42093,46299,117961,118225,120535,117905,240983,4673,122275,783,41
read,1,54253,15621,118541,118257,120368,120313,118557,119772,119222,785,219
read,1,14354,83560,117961,118446,275600,118259,132642,117887,120692,786,17
read,1,33248,13840,117961,118327,123472,118278,146287,290919,147124,787,123
read,1,972,3692,118212,118291,117941,118274,118536,118704,118705,788,220
read,0,42093,120806,117961,118343,132530,117905,117906,290919,117908,789,41
read,1,27724,2299,117978,119171,118535,119899,245058,119788,124146,790,221
read,1,27124,27219,117961,118225,118437,118777,279443,308574,118779,791,5
read,1,31825,13874,117961,117962,119598,126547,240983,290919,192869,792,16
read,1,42093,46734,117961,118300,119181,127847,240983,290919,118322,793,41
read,1,17183,2397,117961,118225,120663,139965,292546,119095,136117,796,33
read,1,1020,85552,117961,118343,119598,120313,141929,118347,118132,797,46
read,1,23921,46254,117961,117969,117878,118958,123030,249618,131851,798,32
read,1,13878,2109,118219,118220,117941,118568,117897,19721,118570,799,20
read,1,4675,53242,117961,118300,118202,118321,117906,290919,118322,800,23
read,1,34924,17688,117951,118343,118450,122345,126548,117887,117973,801,29
read,1,27356,50613,117961,118300,117895,118890,189352,117887,118982,802,103
read,0,42093,27432,117961,118225,120535,117905,127240,290919,117908,805,41
read,1,20897,119350,117961,118225,120764,123045,129731,118331,120519,807,26
read,1,75901,75693,117961,118300,119181,118980,301534,118424,118982,808,10
read,1,79092,50642,118541,119763,120526,120132,120517,118131,117973,809,24
read,1,20292,50280,117961,118300,117884,118321,117906,290919,118322,810,66
read,1,42093,28225,117961,118343,119598,119433,117906,118424,119435,811,41
read,1,5173,52458,117961,118225,120663,117905,117906,290919,117908,812,14
read,1,73144,82362,118752,118300,118631,118636,240983,290919,118786,813,52
read,1,79092,20482,117961,118225,119796,120516,244844,120518,120519,814,24
read,1,27124,2270,117961,118327,118501,118777,279443,308574,118779,735,5
read,1,28149,17713,118290,118291,117945,122067,118536,118424,118425,816,134
read,0,20299,78428,117961,118052,16232,118321,117906,290919,118322,817,2
read,1,4675,70185,117961,117962,118522,118321,117906,118762,118322,818,23
read,1,33642,2858,118219,118220,117878,117899,117897,19721,117900,517,222
read,1,31352,25243,117961,118225,120574,121594,128848,4673,119745,819,186
read,1,73815,16802,117961,118343,19772,120516,223125,120518,118332,821,164
read,1,33054,79195,117961,118225,118635,124537,133833,119695,117908,822,190
read,1,39883,70062,117961,117962,118514,119743,151426,290919,118475,823,87
read,1,3130,20083,117961,118343,118437,123045,223125,118704,119929,824,137
read,1,20292,69231,117961,118300,118783,118321,240983,290919,118322,825,66
read,1,75078,8516,117961,118386,118522,119529,162861,118736,118539,826,36
read,1,23921,27036,117961,118327,118754,123045,185973,270488,120774,827,32
read,1,4675,108550,117961,118300,117884,118321,135741,290919,118322,828,23
read,1,31225,16922,119170,119171,127849,118777,120721,308574,119365,829,224
read,1,23969,6751,117961,118327,117920,118568,164591,308574,118687,830,81
read,1,31839,55268,133430,119403,142145,117905,123286,118704,118454,831,225
read,1,17183,15572,117961,118225,119781,118207,117906,121069,117908,832,33
read,1,80968,50117,119062,119171,119214,129229,118044,119788,118049,833,201
read,1,25993,55677,117961,118300,119181,118321,117906,290919,120285,834,55
read,1,35793,17973,117961,118343,120368,117905,117906,290919,117908,835,147
read,1,42093,65734,118212,118225,118507,134655,117906,117887,118892,836,41
read,1,42093,13828,118212,118213,118746,117905,117906,290919,117908,837,41
read,1,3130,20827,118315,117891,117878,273308,121873,290919,117973,838,137
read,1,39264,468,117961,118170,118518,120516,306530,270488,120099,839,226
read,1,3264,79093,117961,118300,124656,188046,117906,118474,117908,840,112
read,1,20299,50321,117961,118225,120663,122849,127475,118960,121596,841,2
read,1,74411,20380,118138,118178,120317,118674,271334,118453,132673,842,227
read,1,278393,13543,117961,118225,120663,118702,281389,118424,121395,843,7
read,1,4675,17951,91261,118026,121589,118321,117906,290919,118322,844,23
read,1,75901,2610,117961,118225,120551,118568,240983,121916,122131,845,10
read,1,41758,53319,117961,118300,119181,118278,220778,290919,118322,846,37
read,1,73756,311438,117961,118300,118970,122060,217580,118398,123180,847,113
read,1,17308,50195,118602,118121,117941,118568,117886,19721,117880,848,105
read,1,78591,5127,117961,117962,118514,118321,240983,290919,118322,849,13
read,1,75834,55038,117961,118225,143531,123082,180025,118762,123612,851,22
read,1,23921,4110,117961,118327,118344,212192,118250,270488,123047,852,32
read,1,1020,92453,118212,118213,120574,119962,149187,4673,119964,853,46
read,1,3853,50195,117961,120141,123195,280788,140711,292795,208567,855,35
read,1,24016,4962,119301,118574,119121,280788,198341,119221,121917,856,109
read,1,28149,1541,118290,118213,131868,118980,118536,118424,118982,857,134
read,1,32270,4743,117961,118300,118229,118321,290919,290919,118322,858,8
read,1,6977,20885,117961,118225,120323,117905,240983,290919,159789,859,30
read,1,42085,99960,118212,118225,120671,117905,240983,118453,117908,860,138
read,1,917,13179,117961,118300,119181,118321,186550,290919,118322,861,50
read,1,17183,56597,117961,118225,117970,307024,118017,117887,117908,862,33
read,1,32642,17973,118169,119256,123072,123670,126238,118424,118454,863,228
read,1,17183,5110,118212,118213,117878,118747,117913,118474,117888,864,33
read,1,42093,47641,117961,118300,119181,118826,215738,118398,118807,865,41
read,1,4675,74076,118219,118220,117878,117899,117899,19721,117900,866,23
read,1,35790,2078,117961,118300,119181,118568,131694,19721,118570,867,76
read,1,20279,21623,117961,118225,119223,120516,127527,120518,123047,868,95
read,1,5173,94701,117961,118225,124656,174391,117906,118424,117908,869,14
read,1,39588,50597,117961,120216,171098,124134,231633,290919,118319,870,229
read,1,27124,16907,130684,118413,118501,118777,279443,308574,118779,871,5
read,1,80755,23200,119170,119171,118673,122297,220988,118424,119365,872,79
read,1,1020,46609,117961,118225,120535,117905,117906,290919,117908,873,46
read,1,35498,2074,117961,118300,122012,120647,190841,118398,120649,874,45
read,1,24016,12757,117961,117944,119195,117905,160991,292795,119851,875,109
read,1,7543,5110,117961,118052,118437,123045,129731,120518,120519,876,48
read,1,36480,15012,11146,126919,118042,118043,223125,270488,118046,877,89
read,1,79092,142801,117961,118343,121589,118361,118842,120518,120519,878,24
read,1,27416,12259,117961,118327,123472,118321,117906,290919,118322,879,0
read,1,31825,85627,117961,117962,119598,259173,240983,118960,258436,880,16
read,1,1151,2569,117961,118300,118391,118674,146303,117887,122862,881,54
read,1,14570,50318,117961,118052,118328,118321,194805,290919,118322,882,18
read,1,75078,2755,117961,117962,118066,117946,240983,118424,120499,883,36
read,1,20897,12760,117961,118343,124449,120516,118703,118295,118364,884,26
read,1,7543,6798,117961,118343,121668,120516,121445,120518,120989,886,48
read,1,36480,16802,117961,118225,118437,120516,223125,120518,120519,887,89
read,1,18418,4713,120864,118300,5488,117879,118448,19721,117880,888,34
read,1,917,52687,117961,117962,118471,124435,121125,118504,117908,889,50
read,0,25241,92453,117961,118225,117912,118568,117906,290919,117908,890,62
read,1,14666,3549,117961,118300,119181,118321,240983,290919,118322,891,149
read,1,74189,6482,117961,118052,118507,118636,200947,118704,128199,892,230
read,1,35790,6926,117961,118225,120671,117905,117906,290919,117908,893,76
read,1,1020,15611,117961,118052,120671,117905,117906,290919,117908,894,46
read,1,6977,50169,117961,118225,131303,117905,117906,4673,131338,895,30
read,1,79092,205,117961,118300,124380,120789,118981,118424,120791,896,24
read,1,3853,2825,117961,118225,119223,118792,157234,120518,117880,898,35
read,1,23969,144199,91261,118026,123472,121246,194805,290919,128424,899,81
read,1,36480,1065,117961,118225,118562,120516,128747,120518,119096,900,89
read,0,17226,295097,118000,118121,117941,118321,117906,290919,118322,901,231
read,1,39333,108164,117961,118300,119181,136701,149815,290919,117973,902,75
read,1,80501,33266,117961,118300,117895,120611,118448,19721,118570,903,97
read,1,29304,70078,117961,118327,118529,117899,118448,290919,117880,904,59
read,1,79121,46254,117961,118300,118360,118980,301534,118398,128231,905,77
read,1,37651,131489,117961,118300,118403,117905,117906,290919,118055,906,61
read,1,1151,23531,117961,117962,118501,134095,143223,118504,127032,907,54
read,1,73144,125444,117961,118300,119181,118636,240983,290919,118322,908,52
read,1,80501,16802,118752,119692,118556,280788,240983,292795,118786,909,97
read,1,34832,24017,118349,117954,123472,118278,118260,290919,126295,910,4
read,1,79121,123,117961,118300,119181,121469,130634,19721,121471,911,77
read,1,42093,10627,117961,118343,122001,117905,159686,118398,144355,912,41
read,1,43877,71203,91261,118413,119121,118321,118448,290919,118322,913,125
read,1,39262,17835,117961,118052,122059,149916,311618,270488,184276,914,153
read,1,19998,6106,117961,118225,123472,117899,121873,290919,117900,915,3
read,1,79092,8665,117961,118327,119223,123045,223125,118960,123047,916,24
read,1,20364,13119,117961,118343,117904,117905,164919,290919,127659,917,181
read,1,73056,7198,117961,121786,119064,136115,125853,118453,130607,919,233
read,1,45444,79825,117961,118300,117941,118321,117906,290919,118322,920,69
read,1,14354,67346,117961,119921,122550,118278,155142,118453,123084,921,17
read,1,23994,13577,118120,117960,123719,123670,136840,118453,127958,922,234
read,1,38972,1547,117961,118446,118810,118523,118448,290919,135125,923,68
read,1,75901,8150,117961,118463,123472,122551,124402,290919,118322,924,10
read,1,20299,8261,117961,117962,125101,118674,117886,118424,124777,925,2
read,1,20279,16802,117961,118225,118042,123045,310016,270488,120519,926,95
read,1,32270,20536,118212,118213,118810,118203,120238,117887,117908,927,8
read,1,80623,23200,119170,119171,19772,118318,190710,118474,121145,928,235
read,1,80021,36051,117961,117944,137107,120115,178199,19721,118454,929,236
read,1,969,46503,117961,118386,118746,118536,162861,118736,118539,931,237
read,1,972,241233,118752,118574,132647,280788,149467,292795,119082,932,220
read,1,59756,17920,119596,118115,119703,118451,159996,118295,119951,933,238
read,1,13878,2109,118219,118220,117878,117899,117899,19721,117900,934,20
read,1,17308,3692,117902,117903,120171,118451,118536,118295,125408,937,105
read,1,33147,4901,118752,119070,118754,280788,127525,292795,119082,938,6
read,1,38972,311696,118315,118463,123472,118129,123644,290919,120634,939,68
read,1,79121,7689,117961,118300,119181,118422,304629,118424,118425,940,77
read,1,79092,185133,117961,118300,123173,123045,120238,118363,120992,941,24
read,1,23969,49632,117961,118446,126574,122952,174408,19793,118705,943,81
read,1,79092,2034,117961,118225,124449,120773,223125,118704,120519,944,24
read,1,20897,6736,117961,117962,119223,123045,301534,118960,123047,945,26
read,1,44722,18686,117961,118386,131159,117905,125889,118704,117908,946,141
read,1,73144,28008,117961,118300,119181,119587,118959,118424,118836,947,52
read,1,20897,50571,117961,118052,118042,123045,230830,270488,132694,948,26
read,1,27124,20583,118212,118225,121668,179731,210052,117887,117973,949,5
read,1,28149,2610,117961,118386,118746,118536,163794,290919,119887,950,134
read,1,34950,50611,117961,118300,117941,118321,117906,19721,118322,951,31
read,1,14570,55667,117902,117903,117884,118568,122359,19721,118570,952,18
read,1,1003,49024,130684,118446,123472,118278,160106,290919,119194,953,9
read,1,27416,102594,117961,118225,119223,123045,123881,120518,118730,954,0
read,1,78591,51677,117961,117962,120356,117885,153894,19721,123075,955,13
read,1,23921,1930,117961,118225,124725,118207,130777,121916,123672,956,32
read,1,74754,52687,117961,118300,119136,122129,240983,118424,119951,957,1
read,1,25241,7320,118349,117954,122672,120990,140159,308574,127848,958,62
read,1,38972,53297,91261,118026,117878,117899,128869,290919,163313,959,68
read,1,1151,1949,117961,118300,118450,117905,240983,118424,118943,960,54
read,1,20226,17956,117961,118446,123472,118278,132582,290919,126295,962,44
read,0,6977,53114,117961,118225,121668,118702,223125,120518,123047,963,30
read,1,38972,70078,118315,118316,117878,118811,310825,19793,119194,964,68
read,1,972,3766,91261,118026,117878,122269,117879,19721,117880,965,220
read,1,23969,49346,122532,118386,118320,120990,131206,3130,118454,966,81
read,1,74196,53026,117961,118386,117878,311867,123637,118453,121416,967,240
read,1,75901,4952,117961,117962,277693,119192,118448,290919,118322,968,10
read,1,4675,5546,117961,118300,118783,118321,240983,290919,118322,969,23
read,1,39879,2017,117961,118225,118042,118043,310016,270488,118046,970,133
read,1,31352,896,117890,118102,117878,123609,126753,19721,117900,971,186
read,1,73756,21163,117961,118300,118754,118321,117906,290919,118322,972,113
read,1,278393,6039,117961,118225,120663,120516,223125,120518,123047,973,7
read,1,19310,5657,117961,118225,120663,118958,135140,4673,119745,975,51
read,1,16459,27911,119170,118291,118631,118194,149098,118424,120008,976,241
read,1,17308,59228,117961,118300,117884,118321,118040,19721,118322,977,105
read,1,6026,6046,119170,119171,140453,129229,301124,119095,120346,978,12
read,1,40867,7743,117961,118343,118171,118172,207709,121916,129231,980,43
read,1,1020,20981,117961,118225,118929,118702,117906,118704,118705,981,46
read,1,38972,311696,117961,118463,123472,118321,117906,290919,118322,982,68
read,1,3130,50990,117961,118225,119136,119137,118448,118474,119139,983,137
read,1,4675,14552,117961,118343,117884,118321,117906,290919,118322,984,23
read,1,75078,15504,117887,118327,122273,280788,134559,292795,126870,985,36
read,1,34817,124925,117926,118124,117884,117885,240337,117887,117888,986,159
read,1,23921,5127,117961,117962,120722,117905,144434,118424,125795,987,32
read,1,111590,41401,117961,117962,176153,120702,236515,118424,118786,988,242
read,1,7678,50610,117961,118225,125872,117905,125794,118453,117908,989,173
read,1,39333,100922,117961,118300,123173,118568,118448,290919,118322,990,75
read,1,14854,46751,117961,118052,118352,118321,240983,290919,118322,991,140
read,1,79121,2911,117961,118300,19666,118047,233714,118398,118055,992,77
read,1,14570,49254,117961,118300,117884,118321,117906,290919,118322,993,18
read,1,17308,22369,117961,118300,118783,118321,117906,290919,118322,994,105
read,0,7543,4478,117961,118225,120283,123045,304519,124487,123047,995,48
read,1,42093,51083,117961,118225,120671,118890,240983,118638,117908,996,41
read,1,114077,7665,117961,118753,122109,280788,261436,292795,119082,997,243
